borough,buildingid,actualestcompletion,constrstart,designstart,forecastcapacity,fundingreqd15to19,location,neededtocomplete,previousappropriations,projectid,totalestcost,district,schoolname,description,type,source,geom
Manhattan,M034,,,,,,,,,DSF0000897946,2643075,1,P.S. 34,State of Good Repair - System Replacements - Parapets,State of Good Repair ,sca_cp_programs,0101000020E6100000CBFCEB5A677E52C003330BE0ED5C4440
Manhattan,M034,,,,,,,,,DSF0000897947,2319915,1,P.S. 34,State of Good Repair - System Replacements - Exterior Masonry,State of Good Repair ,sca_cp_programs,0101000020E6100000CBFCEB5A677E52C003330BE0ED5C4440
Manhattan,M034,,,,,,,,,DSF0000897945,899858,1,P.S. 34,State of Good Repair - Building Upgrade - Flood Elimination,State of Good Repair ,sca_cp_programs,0101000020E6100000CBFCEB5A677E52C003330BE0ED5C4440
Manhattan,M064,,,,,,,,,DSF0000898268,4588785,1,P.S. 64 (OLD 71),State of Good Repair - System Replacements - Roofs,State of Good Repair ,sca_cp_programs,0101000020E6100000A57E92D1D27E52C001DC6F05A25C4440
Manhattan,M064,,,,,,,,,DSF0000898269,3135589,1,P.S. 64 (OLD 71),State of Good Repair - System Replacements - Parapets,State of Good Repair ,sca_cp_programs,0101000020E6100000A57E92D1D27E52C001DC6F05A25C4440
Manhattan,M042,,,,,,,,,DSF0000898002,1510944,2,P.S. 42,State of Good Repair - System Replacements - Roofs,State of Good Repair ,sca_cp_programs,0101000020E6100000201BA7B1697F52C05BC27710AA5B4440
Bronx,X853,,,,,,,,,DSF0000909948,953520,10,P.S. 59 ANNEX,State of Good Repair - System Replacements - Roofs,State of Good Repair ,sca_cp_programs,0101000020E610000042DCCBB22B7952C03CA48C08EF6C4440
Manhattan,M064,,,,,,,,,DSF0000898270,6701034,1,P.S. 64 (OLD 71),State of Good Repair - System Replacements - Exterior Masonry,State of Good Repair ,sca_cp_programs,0101000020E6100000A57E92D1D27E52C001DC6F05A25C4440
Manhattan,M064,,,,,,,,,DSF0000898265,1745226,1,P.S. 64 (OLD 71),State of Good Repair - Building Upgrade - Flood Elimination,State of Good Repair ,sca_cp_programs,0101000020E6100000A57E92D1D27E52C001DC6F05A25C4440
Manhattan,M042,,,,,,,,,DSF0000898004,7952320,2,P.S. 42,State of Good Repair - System Replacements - Windows,State of Good Repair ,sca_cp_programs,0101000020E6100000201BA7B1697F52C05BC27710AA5B4440
Manhattan,M042,,,,,,,,,DSF0000898003,2089949,2,P.S. 42,State of Good Repair - System Replacements - Parapets,State of Good Repair ,sca_cp_programs,0101000020E6100000201BA7B1697F52C05BC27710AA5B4440
Manhattan,M042,,,,,,,,,DSF0000898005,4556256,2,P.S. 42,State of Good Repair - System Replacements - Exterior Masonry,State of Good Repair ,sca_cp_programs,0101000020E6100000201BA7B1697F52C05BC27710AA5B4440
Manhattan,M042,,,,,,,,,DSF0000898000,1207613,2,P.S. 42,State of Good Repair - Building Upgrade - Flood Elimination,State of Good Repair ,sca_cp_programs,0101000020E6100000201BA7B1697F52C05BC27710AA5B4440
Manhattan,M641,,,,,,,,,DSF0000900224,6325417,78M,CITY AS SCHOOL (OLD 95),State of Good Repair - System Replacements - Windows,State of Good Repair ,sca_cp_programs,0101000020E610000013B562D4648052C0CCF7C38D515D4440
Brooklyn,K853,,,,,,,,,DSF0000897264,314288,75K,P.S. 93 AX (ECF BD STUY ECC2),State of Good Repair - System Replacements - Exterior Masonry,State of Good Repair ,sca_cp_programs,0101000020E6100000834635EC827C52C086AC8BC5F6564440
Brooklyn,K877,,,,,,,,,DSF0000897422,1704069,75K,P.S. 369 AX-(OL 396X/FLTB TN HL),State of Good Repair - System Replacements - Windows,State of Good Repair ,sca_cp_programs,0101000020E6100000D268FA1B447D52C05393FCCE04534440
Brooklyn,K877,,,,,,,,,DSF0000897423,1427100,75K,P.S. 369 AX-(OL 396X/FLTB TN HL),State of Good Repair - System Replacements - Exterior Masonry,State of Good Repair ,sca_cp_programs,0101000020E6100000D268FA1B447D52C05393FCCE04534440
Brooklyn,K877,,,,,,,,,DSF0000897420,296950,75K,P.S. 369 AX-(OL 396X/FLTB TN HL),State of Good Repair - Building Upgrade - Flood Elimination,State of Good Repair ,sca_cp_programs,0101000020E6100000D268FA1B447D52C05393FCCE04534440
Staten Island,R843,,,,,,,,,DSF0000888914,3000000,75R,P.S. 37 MINISCHOOL (OLD P32),State of Good Repair - Rehabilitation of Physical Education Facilities - Playground Redevelopment,State of Good Repair ,sca_cp_programs,0101000020E610000017BD291F798952C0D832BEE2FA464440
Brooklyn,K068,,,,,,,,,DSF0000892090,3979022,18,I.S. 68,State of Good Repair - System Replacements - Roofs,State of Good Repair ,sca_cp_programs,0101000020E610000083ED6B61517A52C02140C18454514440
Manhattan,M641,,,,,,,,,DSF0000900225,7628571,78M,CITY AS SCHOOL (OLD 95),State of Good Repair - System Replacements - Exterior Masonry,State of Good Repair ,sca_cp_programs,0101000020E610000013B562D4648052C0CCF7C38D515D4440
Manhattan,M641,,,,,,,,,DSF0000900222,1421872,78M,CITY AS SCHOOL (OLD 95),State of Good Repair - Building Upgrade - Flood Elimination,State of Good Repair ,sca_cp_programs,0101000020E610000013B562D4648052C0CCF7C38D515D4440
Manhattan,M041,,,,,,,,,DSF0000897983,2518239,2,P.S. 41,State of Good Repair - System Replacements - Roofs,State of Good Repair ,sca_cp_programs,0101000020E61000002D456752F27F52C025C16551235E4440
Manhattan,M041,,,,,,,,,DSF0000897984,1982307,2,P.S. 41,State of Good Repair - System Replacements - Parapets,State of Good Repair ,sca_cp_programs,0101000020E61000002D456752F27F52C025C16551235E4440
Manhattan,M041,,,,,,,,,DSF0000897985,3530306,2,P.S. 41,State of Good Repair - System Replacements - Exterior Masonry,State of Good Repair ,sca_cp_programs,0101000020E61000002D456752F27F52C025C16551235E4440
Manhattan,M108,,,,,,,,,DSF0000898614,3021887,4,P.S. 108,State of Good Repair - System Replacements - Roofs,State of Good Repair ,sca_cp_programs,0101000020E6100000CE669DA8A97C52C0722061A0C3654440
Manhattan,M108,,,,,,,,,DSF0000898617,3530306,4,P.S. 108,State of Good Repair - System Replacements - Exterior Masonry,State of Good Repair ,sca_cp_programs,0101000020E6100000CE669DA8A97C52C0722061A0C3654440
Manhattan,M108,,,,,,,,,DSF0000898613,1432584,4,P.S. 108,State of Good Repair - Building Upgrade - Flood Elimination,State of Good Repair ,sca_cp_programs,0101000020E6100000CE669DA8A97C52C0722061A0C3654440
Manhattan,M129,,,,,,,,,DSF0000785990,942232,5,P.S. 129,State of Good Repair - System Replacements - Domestic Piping,State of Good Repair ,sca_cp_programs,0101000020E6100000A5B7D075EE7C52C058DFD2A44F684440
Manhattan,M161,,,,,,,,,DSF0000798537,909558,5,P.S. 161,State of Good Repair - System Replacements - Domestic Piping,State of Good Repair ,sca_cp_programs,0101000020E610000006098666F57C52C0FF050F09AB684440
Manhattan,M187,,,,,,,,,DSF0000798540,878302,6,P.S./I.S. 187,State of Good Repair - System Replacements - Domestic Piping,State of Good Repair ,sca_cp_programs,0101000020E6100000B0654D47F57B52C034E11BC0996D4440
Manhattan,M176,,,,,,,,,DSF0000899402,2088003,6,P.S./I.S. 176,State of Good Repair - System Replacements - Parapets,State of Good Repair ,sca_cp_programs,0101000020E6100000D66F0CD91F7B52C0476E5D9BE56E4440
Bronx,X145,,,,,,,,,DSF0000908640,3708946,9,I.S. 145,State of Good Repair - System Replacements - Roofs,State of Good Repair ,sca_cp_programs,0101000020E610000027981DE17F7A52C022339057EA694440
Bronx,X145,,,,,,,,,DSF0000908641,729583,9,I.S. 145,State of Good Repair - System Replacements - Parapets,State of Good Repair ,sca_cp_programs,0101000020E610000027981DE17F7A52C022339057EA694440
Bronx,X145,,,,,,,,,DSF0000796122,75200,9,I.S. 145,State of Good Repair - System Replacements - Heating Plant Upgrade,State of Good Repair ,sca_cp_programs,0101000020E610000027981DE17F7A52C022339057EA694440
Bronx,X145,,,,,,,,,DSF0000908642,5629996,9,I.S. 145,State of Good Repair - System Replacements - Exterior Masonry,State of Good Repair ,sca_cp_programs,0101000020E610000027981DE17F7A52C022339057EA694440
Bronx,X151,,,,,,,,,DSF0000908750,3978688,7,I.S. 151,State of Good Repair - System Replacements - Roofs,State of Good Repair ,sca_cp_programs,0101000020E610000010A11B9BF67A52C0B34819E14C694440
Bronx,X151,,,,,,,,,DSF0000908751,7165449,7,I.S. 151,State of Good Repair - System Replacements - Exterior Masonry,State of Good Repair ,sca_cp_programs,0101000020E610000010A11B9BF67A52C0B34819E14C694440
Bronx,X140,,,,,,,,,DSF0000798531,854696,8,P.S. 140,State of Good Repair - System Replacements - Domestic Piping,State of Good Repair ,sca_cp_programs,0101000020E6100000CC7C5F11157A52C0763748F45E694440
Bronx,X146,,,,,,,,,DSF0000885831,1159522,8,P.S. 146,State of Good Repair - Building Upgrade - Flood Elimination,State of Good Repair ,sca_cp_programs,0101000020E610000037FF4A8AF77952C01E144D5B90694440
Bronx,X198,,,,,,,,,DSF0000909222,4851855,12,P.S. 198,State of Good Repair - System Replacements - Windows,State of Good Repair ,sca_cp_programs,0101000020E61000005FF30F9C9B7952C01921911E096A4440
Bronx,X198,,,,,,,,,DSF0000909220,4397586,12,P.S. 198,State of Good Repair - System Replacements - Roofs,State of Good Repair ,sca_cp_programs,0101000020E61000005FF30F9C9B7952C01921911E096A4440
Bronx,X198,,,,,,,,,DSF0000909221,2822030,12,P.S. 198,State of Good Repair - System Replacements - Parapets,State of Good Repair ,sca_cp_programs,0101000020E61000005FF30F9C9B7952C01921911E096A4440
Bronx,X198,,,,,,,,,DSF0000909223,2967601,12,P.S. 198,State of Good Repair - System Replacements - Exterior Masonry,State of Good Repair ,sca_cp_programs,0101000020E61000005FF30F9C9B7952C01921911E096A4440
Bronx,X338,,,,,,,,,DSF0000911284,1194155,9,MORRIS HEIGHTS EDUCATIONAL COMPLEX,State of Good Repair - System Replacements - Parapets,State of Good Repair ,sca_cp_programs,0101000020E61000009943B0A4947A52C09D62FB33B86C4440
Bronx,X006,,,,,,,,,DSF0000906346,1591507,12,P.S. 6,State of Good Repair - System Replacements - Roofs,State of Good Repair ,sca_cp_programs,0101000020E6100000397B47797C7852C00FA01687936B4440
Bronx,X006,,,,,,,,,DSF0000906347,3962492,12,P.S. 6,State of Good Repair - System Replacements - Parapets,State of Good Repair ,sca_cp_programs,0101000020E6100000397B47797C7852C00FA01687936B4440
Bronx,X006,,,,,,,,,DSF0000906348,6351875,12,P.S. 6,State of Good Repair - System Replacements - Exterior Masonry,State of Good Repair ,sca_cp_programs,0101000020E6100000397B47797C7852C00FA01687936B4440
Bronx,X006,,,,,,,,,DSF0000906343,1406601,12,P.S. 6,State of Good Repair - Building Upgrade - Flood Elimination,State of Good Repair ,sca_cp_programs,0101000020E6100000397B47797C7852C00FA01687936B4440
Bronx,X167,,,,,,,,,DSF0000908962,2784004,12,P.S. 214,State of Good Repair - System Replacements - Parapets,State of Good Repair ,sca_cp_programs,0101000020E610000062430BFF4F7852C0D5CA950F6C6B4440
Bronx,X206,,,,,,,,,DSF0000909255,1710775,10,I.S. 206B,State of Good Repair - System Replacements - Parapets,State of Good Repair ,sca_cp_programs,0101000020E6100000F3A0EFD5FF7952C0A192E318056E4440
Bronx,X206,,,,,,,,,DSF0000909253,722255,10,I.S. 206B,State of Good Repair - Building Upgrade - Flood Elimination,State of Good Repair ,sca_cp_programs,0101000020E6100000F3A0EFD5FF7952C0A192E318056E4440
Bronx,X430,,,,,,,,,DSF0000909505,6883178,78X,WALTON HS,State of Good Repair - System Replacements - Roofs,State of Good Repair ,sca_cp_programs,0101000020E6100000B1A864CE687952C056C9EA465B6F4440
Bronx,X430,,,,,,,,,DSF0000909506,10889827,78X,WALTON HS,State of Good Repair - System Replacements - Parapets,State of Good Repair ,sca_cp_programs,0101000020E6100000B1A864CE687952C056C9EA465B6F4440
Bronx,X430,,,,,,,,,DSF0000909507,10679999,78X,WALTON HS,State of Good Repair - System Replacements - Exterior Masonry,State of Good Repair ,sca_cp_programs,0101000020E6100000B1A864CE687952C056C9EA465B6F4440
Bronx,X430,,,,,,,,,DSF0000909503,3135348,78X,WALTON HS,State of Good Repair - Building Upgrade - Flood Elimination,State of Good Repair ,sca_cp_programs,0101000020E6100000B1A864CE687952C056C9EA465B6F4440
Bronx,X008,,,,,,,,,DSF0000906381,4230642,10,P.S. 8,State of Good Repair - System Replacements - Roofs,State of Good Repair ,sca_cp_programs,0101000020E61000004F79E28B877852C0CFA40976A76F4440
Bronx,X008,,,,,,,,,DSF0000906382,1817114,10,P.S. 8,State of Good Repair - System Replacements - Parapets,State of Good Repair ,sca_cp_programs,0101000020E61000004F79E28B877852C0CFA40976A76F4440
Bronx,X008,,,,,,,,,DSF0000906383,2622513,10,P.S. 8,State of Good Repair - System Replacements - Exterior Masonry,State of Good Repair ,sca_cp_programs,0101000020E61000004F79E28B877852C0CFA40976A76F4440
Bronx,X123,,,,,,,,,DSF0000862814,25690,8,I.S. 123,State of Good Repair - Building Upgrade - Climate Control,State of Good Repair ,sca_cp_programs,0101000020E6100000AC475525F17752C0013E716CA8694440
Bronx,X123,,,,,,,,,DSF0000866311,69979,8,I.S. 123,State of Good Repair - Building Upgrade - Boiler Conversion,State of Good Repair ,sca_cp_programs,0101000020E6100000AC475525F17752C0013E716CA8694440
Bronx,X839,,,,,,,,,DSF0000909888,2455468,78X,BRONX HS FOR THE VISUAL ARTS,State of Good Repair - System Replacements - Roofs,State of Good Repair ,sca_cp_programs,0101000020E6100000D422BAC3527752C03B8E9FF6006D4440
Bronx,X839,,,,,,,,,DSF0000909889,1307012,78X,BRONX HS FOR THE VISUAL ARTS,State of Good Repair - System Replacements - Parapets,State of Good Repair ,sca_cp_programs,0101000020E6100000D422BAC3527752C03B8E9FF6006D4440
Bronx,X839,,,,,,,,,DSF0000909890,1717954,78X,BRONX HS FOR THE VISUAL ARTS,State of Good Repair - System Replacements - Exterior Masonry,State of Good Repair ,sca_cp_programs,0101000020E6100000D422BAC3527752C03B8E9FF6006D4440
Bronx,X160,,,,,,,,,DSF0000908893,3634229,11,P.S. 160,State of Good Repair - System Replacements - Parapets,State of Good Repair ,sca_cp_programs,0101000020E610000044BA58C8B97452C0434DAF50996E4440
Bronx,X160,,,,,,,,,DSF0000908894,3328574,11,P.S. 160,State of Good Repair - System Replacements - Exterior Masonry,State of Good Repair ,sca_cp_programs,0101000020E610000044BA58C8B97452C0434DAF50996E4440
Brooklyn,K022,,,,,,,,,DSF0000891499,2262003,17,P.S. 22,State of Good Repair - System Replacements - Parapets,State of Good Repair ,sca_cp_programs,0101000020E610000060BD5AC4717D52C001221F92AA564440
Brooklyn,K243,,,,,,,,,DSF0000894741,4206386,16,P.S. 243,State of Good Repair - System Replacements - Roofs,State of Good Repair ,sca_cp_programs,0101000020E6100000E7C067AFD87B52C0B2FA34A27C564440
Brooklyn,K243,,,,,,,,,DSF0000894742,1113071,16,P.S. 243,State of Good Repair - System Replacements - Parapets,State of Good Repair ,sca_cp_programs,0101000020E6100000E7C067AFD87B52C0B2FA34A27C564440
Brooklyn,K243,,,,,,,,,DSF0000894743,2584684,16,P.S. 243,State of Good Repair - System Replacements - Exterior Masonry,State of Good Repair ,sca_cp_programs,0101000020E6100000E7C067AFD87B52C0B2FA34A27C564440
Brooklyn,K093,,,,,,,,,DSF0000892333,9572956,13,P.S. 93,State of Good Repair - System Replacements - Windows,State of Good Repair ,sca_cp_programs,0101000020E610000025A92115927C52C09DFBADC5E8564440
Brooklyn,K093,,,,,,,,,DSF0000892331,2546411,13,P.S. 93,State of Good Repair - System Replacements - Roofs,State of Good Repair ,sca_cp_programs,0101000020E610000025A92115927C52C09DFBADC5E8564440
Brooklyn,K093,,,,,,,,,DSF0000892332,2641661,13,P.S. 93,State of Good Repair - System Replacements - Parapets,State of Good Repair ,sca_cp_programs,0101000020E610000025A92115927C52C09DFBADC5E8564440
Brooklyn,K093,,,,,,,,,DSF0000892334,4516889,13,P.S. 93,State of Good Repair - System Replacements - Exterior Masonry,State of Good Repair ,sca_cp_programs,0101000020E610000025A92115927C52C09DFBADC5E8564440
Brooklyn,K093,,,,,,,,,DSF0000892329,1321294,13,P.S. 93,State of Good Repair - Building Upgrade - Flood Elimination,State of Good Repair ,sca_cp_programs,0101000020E610000025A92115927C52C09DFBADC5E8564440
Brooklyn,K265,,,,,,,,,DSF0000895099,3304334,13,I.S. 265,State of Good Repair - System Replacements - Roofs,State of Good Repair ,sca_cp_programs,0101000020E6100000620DA585787E52C01D9AF6183D594440
Brooklyn,K265,,,,,,,,,DSF0000895101,3070907,13,I.S. 265,State of Good Repair - System Replacements - Exterior Masonry,State of Good Repair ,sca_cp_programs,0101000020E6100000620DA585787E52C01D9AF6183D594440
Brooklyn,K265,,,,,,,,,DSF0000895098,1810185,13,I.S. 265,State of Good Repair - Building Upgrade - Flood Elimination,State of Good Repair ,sca_cp_programs,0101000020E6100000620DA585787E52C01D9AF6183D594440
Brooklyn,K265,,,,,,,,,DSF0000895100,2003897,13,I.S. 265,State of Good Repair - System Replacements - Parapets,State of Good Repair ,sca_cp_programs,0101000020E6100000620DA585787E52C01D9AF6183D594440
Brooklyn,K319,,,,,,,,,DSF0000895803,1314643,14,P.S. 319,State of Good Repair - System Replacements - Windows,State of Good Repair ,sca_cp_programs,0101000020E6100000D158B2640C7D52C0D176242CD55A4440
Brooklyn,K319,,,,,,,,,DSF0000895802,1357439,14,P.S. 319,State of Good Repair - System Replacements - Roofs,State of Good Repair ,sca_cp_programs,0101000020E6100000D158B2640C7D52C0D176242CD55A4440
Brooklyn,K865,,,,,,,,,DSF0000798529,878302,78K,SECOND OPPORTUNITY SCHOOL,State of Good Repair - System Replacements - Domestic Piping,State of Good Repair ,sca_cp_programs,0101000020E610000019764EAA597B52C01F4BB53604594440
Brooklyn,K299,,,,,,,,,DSF0000895587,3489389,32,P.S. 299,State of Good Repair - System Replacements - Roofs,State of Good Repair ,sca_cp_programs,0101000020E6100000A41D94DEBF7A52C0347B0D2267584440
Brooklyn,K299,,,,,,,,,DSF0000895588,1724574,32,P.S. 299,State of Good Repair - System Replacements - Parapets,State of Good Repair ,sca_cp_programs,0101000020E6100000A41D94DEBF7A52C0347B0D2267584440
Brooklyn,K299,,,,,,,,,DSF0000895589,2871872,32,P.S. 299,State of Good Repair - System Replacements - Exterior Masonry,State of Good Repair ,sca_cp_programs,0101000020E6100000A41D94DEBF7A52C0347B0D2267584440
Brooklyn,K299,,,,,,,,,DSF0000895586,1250311,32,P.S. 299,State of Good Repair - Building Upgrade - Flood Elimination,State of Good Repair ,sca_cp_programs,0101000020E6100000A41D94DEBF7A52C0347B0D2267584440
Brooklyn,K298,,,,,,,,,DSF0000798526,909558,23,P.S. 298,State of Good Repair - System Replacements - Domestic Piping,State of Good Repair ,sca_cp_programs,0101000020E61000007B067D0E187A52C03A047BCCE3554440
Brooklyn,K284,,,,,,,,,DSF0000798523,942232,23,P.S. 284,State of Good Repair - System Replacements - Domestic Piping,State of Good Repair ,sca_cp_programs,0101000020E610000061AD92B3167A52C06CD674675E554440
Brooklyn,K332,,,,,,,,,DSF0000895932,7002630,23,P.S. 332,State of Good Repair - System Replacements - Roofs,State of Good Repair ,sca_cp_programs,0101000020E610000009E6A32CFC7952C08141C8F70A564440
Brooklyn,K332,,,,,,,,,DSF0000895933,2784004,23,P.S. 332,State of Good Repair - System Replacements - Parapets,State of Good Repair ,sca_cp_programs,0101000020E610000009E6A32CFC7952C08141C8F70A564440
Brooklyn,K332,,,,,,,,,DSF0000895934,3771663,23,P.S. 332,State of Good Repair - System Replacements - Exterior Masonry,State of Good Repair ,sca_cp_programs,0101000020E610000009E6A32CFC7952C08141C8F70A564440
Brooklyn,K166,,,,,,,,,DSF0000893391,2052930,19,I.S. 166,State of Good Repair - System Replacements - Parapets,State of Good Repair ,sca_cp_programs,0101000020E610000040D996FDAF7852C00173002A72544440
Brooklyn,K166,,,,,,,,,DSF0000893392,4930556,19,I.S. 166,State of Good Repair - System Replacements - Exterior Masonry,State of Good Repair ,sca_cp_programs,0101000020E610000040D996FDAF7852C00173002A72544440
Brooklyn,K202,,,,,,,,,DSF0000888883,6559173,19,P.S. 202,State of Good Repair - Rehabilitation of Physical Education Facilities - Playground Redevelopment,State of Good Repair ,sca_cp_programs,0101000020E6100000511E63C8117852C0DC66988939554440
Brooklyn,K268,,,,,,,,,DSF0000798518,796187,18,P.S. 268,State of Good Repair - System Replacements - Domestic Piping,State of Good Repair ,sca_cp_programs,0101000020E6100000841E2A655E7B52C03CDE971925544440
Brooklyn,K223,,,,,,,,,DSF0000798513,942232,20,I.S. 223,State of Good Repair - System Replacements - Domestic Piping,State of Good Repair ,sca_cp_programs,0101000020E61000006204DF0FE07E52C0C3A795004B514440
Brooklyn,K160,,,,,,,,,DSF0000798507,909558,20,P.S. 160,State of Good Repair - System Replacements - Domestic Piping,State of Good Repair ,sca_cp_programs,0101000020E61000004083CB10F07F52C0ADCB7E4586514440
Brooklyn,K127,,,,,,,,,DSF0000779662,1481091,20,P.S. 127,State of Good Repair - Building Upgrade - Climate Control,State of Good Repair ,sca_cp_programs,0101000020E6100000235E0DA82E8152C026799956D64F4440
Brooklyn,K127,,,,,,,,,DSF0000798424,7476172,20,P.S. 127,State of Good Repair - Building Upgrade - Boiler Conversion,State of Good Repair ,sca_cp_programs,0101000020E6100000235E0DA82E8152C026799956D64F4440
Brooklyn,K104,,,,,,,,,DSF0000798504,796187,20,P.S. 104,State of Good Repair - System Replacements - Domestic Piping,State of Good Repair ,sca_cp_programs,0101000020E61000005AB1A9CCD28152C06377BD1E1D4F4440
Brooklyn,K112,,,,,,,,,DSF0000892624,4089765,20,P.S. 112,State of Good Repair - System Replacements - Windows,State of Good Repair ,sca_cp_programs,0101000020E6100000D417A83C098052C035023B07494F4440
Brooklyn,K112,,,,,,,,,DSF0000892623,1880954,20,P.S. 112,State of Good Repair - System Replacements - Parapets,State of Good Repair ,sca_cp_programs,0101000020E6100000D417A83C098052C035023B07494F4440
Brooklyn,K112,,,,,,,,,DSF0000892625,2680150,20,P.S. 112,State of Good Repair - System Replacements - Exterior Masonry,State of Good Repair ,sca_cp_programs,0101000020E6100000D417A83C098052C035023B07494F4440
Brooklyn,K112,,,,,,,,,DSF0000892622,718089,20,P.S. 112,State of Good Repair - Building Upgrade - Flood Elimination,State of Good Repair ,sca_cp_programs,0101000020E6100000D417A83C098052C035023B07494F4440
Brooklyn,K099,,,,,,,,,DSF0000798503,878302,21,P.S. 99,State of Good Repair - System Replacements - Domestic Piping,State of Good Repair ,sca_cp_programs,0101000020E610000025C5E75CD37D52C05427834A8C4F4440
Brooklyn,K052,,,,,,,,,DSF0000891903,7952320,22,P.S. 52,State of Good Repair - System Replacements - Windows,State of Good Repair ,sca_cp_programs,0101000020E6100000D95306302B7C52C07C7411C74F4B4440
Brooklyn,K052,,,,,,,,,DSF0000891904,3631171,22,P.S. 52,State of Good Repair - System Replacements - Exterior Masonry,State of Good Repair ,sca_cp_programs,0101000020E6100000D95306302B7C52C07C7411C74F4B4440
Brooklyn,K052,,,,,,,,,DSF0000891902,1479380,22,P.S. 52,State of Good Repair - Building Upgrade - Flood Elimination,State of Good Repair ,sca_cp_programs,0101000020E6100000D95306302B7C52C07C7411C74F4B4440
Brooklyn,K068,,,,,,,,,DSF0000892091,4745681,18,I.S. 68,State of Good Repair - System Replacements - Exterior Masonry,State of Good Repair ,sca_cp_programs,0101000020E610000083ED6B61517A52C02140C18454514440
Brooklyn,K068,,,,,,,,,DSF0000892088,2112653,18,I.S. 68,State of Good Repair - Building Upgrade - Flood Elimination,State of Good Repair ,sca_cp_programs,0101000020E610000083ED6B61517A52C02140C18454514440
Brooklyn,K276,,,,,,,,,DSF0000895260,6816274,18,P.S. 276,State of Good Repair - System Replacements - Windows,State of Good Repair ,sca_cp_programs,0101000020E6100000246ACCD9237A52C0A723051A27514440
Brooklyn,K260,,,,,,,,,DSF0000895028,3083090,19,P.S. 260,State of Good Repair - System Replacements - Roofs,State of Good Repair ,sca_cp_programs,0101000020E6100000EA44505A287952C09085792C9B534440
Brooklyn,K260,,,,,,,,,DSF0000895029,1567794,19,P.S. 260,State of Good Repair - System Replacements - Parapets,State of Good Repair ,sca_cp_programs,0101000020E6100000EA44505A287952C09085792C9B534440
Brooklyn,K114,,,,,,,,,DSF0000891000,2540000,18,P.S. 114,Code Compliance,School Programs,sca_cp_programs,0101000020E6100000F4A67DBE1A7A52C07988B15143524440
Queens,Q150,,,,,,,,,DSF0000902816,2389992,30,P.S. 150,State of Good Repair - System Replacements - Roofs,State of Good Repair ,sca_cp_programs,0101000020E61000008C8AAB94187B52C01060783C795F4440
Queens,Q150,,,,,,,,,DSF0000902817,3808346,30,P.S. 150,State of Good Repair - System Replacements - Parapets,State of Good Repair ,sca_cp_programs,0101000020E61000008C8AAB94187B52C01060783C795F4440
Queens,Q150,,,,,,,,,DSF0000902818,5977596,30,P.S. 150,State of Good Repair - System Replacements - Exterior Masonry,State of Good Repair ,sca_cp_programs,0101000020E61000008C8AAB94187B52C01060783C795F4440
Queens,Q150,,,,,,,,,DSF0000902814,1035092,30,P.S. 150,State of Good Repair - Building Upgrade - Flood Elimination,State of Good Repair ,sca_cp_programs,0101000020E61000008C8AAB94187B52C01060783C795F4440
Queens,Q600,,,,,,,,,DSF0000904583,6597650,78Q,QUEENS VOC HS,State of Good Repair - System Replacements - Parapets,State of Good Repair ,sca_cp_programs,0101000020E61000006743D711647B52C081D0FBD7EF5E4440
Queens,Q600,,,,,,,,,DSF0000904581,1189619,78Q,QUEENS VOC HS,State of Good Repair - Building Upgrade - Flood Elimination,State of Good Repair ,sca_cp_programs,0101000020E61000006743D711647B52C081D0FBD7EF5E4440
Queens,Q234,,,,,,,,,DSF0000910495,2323600,30,P.S. 234,State of Good Repair - System Replacements - Roofs,State of Good Repair ,sca_cp_programs,0101000020E6100000819F1E20137B52C0EC541BBD29624440
Queens,Q234,,,,,,,,,DSF0000910496,2436003,30,P.S. 234,State of Good Repair - System Replacements - Parapets,State of Good Repair ,sca_cp_programs,0101000020E6100000819F1E20137B52C0EC541BBD29624440
Queens,Q234,,,,,,,,,DSF0000910497,3718541,30,P.S. 234,State of Good Repair - System Replacements - Exterior Masonry,State of Good Repair ,sca_cp_programs,0101000020E6100000819F1E20137B52C0EC541BBD29624440
Queens,Q012,,,,,,,,,DSF0000900615,3851447,24,P.S. 12,State of Good Repair - System Replacements - Roofs,State of Good Repair ,sca_cp_programs,0101000020E6100000012A1D762E7952C0BA841B2B035F4440
Queens,Q012,,,,,,,,,DSF0000900616,5283323,24,P.S. 12,State of Good Repair - System Replacements - Parapets,State of Good Repair ,sca_cp_programs,0101000020E6100000012A1D762E7952C0BA841B2B035F4440
Queens,Q012,,,,,,,,,DSF0000900617,5363806,24,P.S. 12,State of Good Repair - System Replacements - Exterior Masonry,State of Good Repair ,sca_cp_programs,0101000020E6100000012A1D762E7952C0BA841B2B035F4440
Queens,Q012,,,,,,,,,DSF0000900613,1031252,24,P.S. 12,State of Good Repair - Building Upgrade - Flood Elimination,State of Good Repair ,sca_cp_programs,0101000020E6100000012A1D762E7952C0BA841B2B035F4440
Queens,Q143,,,,,,,,,DSF0000902670,2970813,24,P.S. 143,State of Good Repair - System Replacements - Roofs,State of Good Repair ,sca_cp_programs,0101000020E610000081822E0DC47652C0E8A93890B0604440
Queens,Q143,,,,,,,,,DSF0000902671,3962492,24,P.S. 143,State of Good Repair - System Replacements - Parapets,State of Good Repair ,sca_cp_programs,0101000020E610000081822E0DC47652C0E8A93890B0604440
Queens,Q143,,,,,,,,,DSF0000902669,1417845,24,P.S. 143,State of Good Repair - Building Upgrade - Flood Elimination,State of Good Repair ,sca_cp_programs,0101000020E610000081822E0DC47652C0E8A93890B0604440
Queens,Q013,,,,,,,,,DSF0000900626,5723600,24,P.S. 13,State of Good Repair - System Replacements - Parapets,State of Good Repair ,sca_cp_programs,0101000020E610000052394716897752C0FCF70A83625E4440
Queens,Q013,,,,,,,,,DSF0000900627,12562598,24,P.S. 13,State of Good Repair - System Replacements - Exterior Masonry,State of Good Repair ,sca_cp_programs,0101000020E610000052394716897752C0FCF70A83625E4440
Queens,Q013,,,,,,,,,DSF0000900624,1235988,24,P.S. 13,State of Good Repair - Building Upgrade - Flood Elimination,State of Good Repair ,sca_cp_programs,0101000020E610000052394716897752C0FCF70A83625E4440
Queens,Q220,,,,,,,,,DSF0000791172,75200,28,P.S. 220,State of Good Repair - System Replacements - Heating Plant Upgrade,State of Good Repair ,sca_cp_programs,0101000020E6100000B04A7C6B917652C0665F2C803F5E4440
Queens,Q058,,,,,,,,,DSF0000910388,3626264,24,P.S. 58,State of Good Repair - System Replacements - Roofs,State of Good Repair ,sca_cp_programs,0101000020E6100000BB5CF8D5F47852C0DEA16E604B5D4440
Queens,Q058,,,,,,,,,DSF0000910389,1982307,24,P.S. 58,State of Good Repair - System Replacements - Parapets,State of Good Repair ,sca_cp_programs,0101000020E6100000BB5CF8D5F47852C0DEA16E604B5D4440
Queens,Q058,,,,,,,,,DSF0000910390,5547623,24,P.S. 58,State of Good Repair - System Replacements - Exterior Masonry,State of Good Repair ,sca_cp_programs,0101000020E6100000BB5CF8D5F47852C0DEA16E604B5D4440
Queens,Q144,,,,,,,,,DSF0000902693,7778027,28,P.S. 144,State of Good Repair - System Replacements - Windows,State of Good Repair ,sca_cp_programs,0101000020E6100000F3CCB3AB8D7652C0174DE388815B4440
Queens,Q144,,,,,,,,,DSF0000902691,1925723,28,P.S. 144,State of Good Repair - System Replacements - Roofs,State of Good Repair ,sca_cp_programs,0101000020E6100000F3CCB3AB8D7652C0174DE388815B4440
Queens,Q144,,,,,,,,,DSF0000902692,2421523,28,P.S. 144,State of Good Repair - System Replacements - Parapets,State of Good Repair ,sca_cp_programs,0101000020E6100000F3CCB3AB8D7652C0174DE388815B4440
Queens,Q144,,,,,,,,,DSF0000902694,6069570,28,P.S. 144,State of Good Repair - System Replacements - Exterior Masonry,State of Good Repair ,sca_cp_programs,0101000020E6100000F3CCB3AB8D7652C0174DE388815B4440
Queens,Q144,,,,,,,,,DSF0000902690,961113,28,P.S. 144,State of Good Repair - Building Upgrade - Flood Elimination,State of Good Repair ,sca_cp_programs,0101000020E6100000F3CCB3AB8D7652C0174DE388815B4440
Queens,Q091,,,,,,,,,DSF0000901811,2811662,24,P.S. 91,State of Good Repair - System Replacements - Roofs,State of Good Repair ,sca_cp_programs,0101000020E61000001E92806A937852C05E84765F0C5A4440
Queens,Q091,,,,,,,,,DSF0000901812,7622250,24,P.S. 91,State of Good Repair - System Replacements - Exterior Masonry,State of Good Repair ,sca_cp_programs,0101000020E61000001E92806A937852C05E84765F0C5A4440
Queens,Q091,,,,,,,,,DSF0000901810,1520377,24,P.S. 91,State of Good Repair - Building Upgrade - Flood Elimination,State of Good Repair ,sca_cp_programs,0101000020E61000001E92806A937852C05E84765F0C5A4440
Queens,Q119,,,,,,,,,DSF0000902238,6398246,24,I.S. 119,State of Good Repair - System Replacements - Windows,State of Good Repair ,sca_cp_programs,0101000020E61000003AB43E42017852C0ADDFFFF8425A4440
Queens,Q119,,,,,,,,,DSF0000902236,2628997,24,I.S. 119,State of Good Repair - System Replacements - Roofs,State of Good Repair ,sca_cp_programs,0101000020E61000003AB43E42017852C0ADDFFFF8425A4440
Queens,Q119,,,,,,,,,DSF0000902237,2553036,24,I.S. 119,State of Good Repair - System Replacements - Parapets,State of Good Repair ,sca_cp_programs,0101000020E61000003AB43E42017852C0ADDFFFF8425A4440
Queens,Q119,,,,,,,,,DSF0000902239,7069471,24,I.S. 119,State of Good Repair - System Replacements - Exterior Masonry,State of Good Repair ,sca_cp_programs,0101000020E61000003AB43E42017852C0ADDFFFF8425A4440
Queens,Q119,,,,,,,,,DSF0000902234,1254409,24,I.S. 119,State of Good Repair - Building Upgrade - Flood Elimination,State of Good Repair ,sca_cp_programs,0101000020E61000003AB43E42017852C0ADDFFFF8425A4440
Queens,Q107,,,,,,,,,DSF0000902052,1697607,25,P.S. 107,State of Good Repair - System Replacements - Roofs,State of Good Repair ,sca_cp_programs,0101000020E610000054555B9A2A7352C0C3137ECDAF604440
Queens,Q107,,,,,,,,,DSF0000902053,4182631,25,P.S. 107,State of Good Repair - System Replacements - Parapets,State of Good Repair ,sca_cp_programs,0101000020E610000054555B9A2A7352C0C3137ECDAF604440
Queens,Q107,,,,,,,,,DSF0000902054,8186862,25,P.S. 107,State of Good Repair - System Replacements - Exterior Masonry,State of Good Repair ,sca_cp_programs,0101000020E610000054555B9A2A7352C0C3137ECDAF604440
Queens,Q107,,,,,,,,,DSF0000902050,1560153,25,P.S. 107,State of Good Repair - Building Upgrade - Flood Elimination,State of Good Repair ,sca_cp_programs,0101000020E610000054555B9A2A7352C0C3137ECDAF604440
Queens,Q041,,,,,,,,,DSF0000798524,796187,26,P.S. 41,State of Good Repair - System Replacements - Domestic Piping,State of Good Repair ,sca_cp_programs,0101000020E610000056463BBE5B7152C01201D57894624440
Queens,Q046,,,,,,,,,DSF0000788342,2077278,26,P.S. 46 ADDITION,State of Good Repair - Building Upgrade - Climate Control,State of Good Repair ,sca_cp_programs,0101000020E6100000C639B0C1837052C08C983998745F4440
Queens,Q046,,,,,,,,,DSF0000798471,4912250,26,P.S. 46 ADDITION,State of Good Repair - Building Upgrade - Boiler Conversion,State of Good Repair ,sca_cp_programs,0101000020E6100000C639B0C1837052C08C983998745F4440
Queens,Q094,,,,,,,,,DSF0000798538,878302,26,P.S. 94,State of Good Repair - System Replacements - Domestic Piping,State of Good Repair ,sca_cp_programs,0101000020E6100000838AB349476F52C0E3852AC7B9624440
Queens,Q172,,,,,,,,,DSF0000903136,3367915,26,J.H.S. 172,State of Good Repair - System Replacements - Roofs,State of Good Repair ,sca_cp_programs,0101000020E6100000B940B1CBA56D52C021830C77E65E4440
Queens,Q172,,,,,,,,,DSF0000903137,3661059,26,J.H.S. 172,State of Good Repair - System Replacements - Parapets,State of Good Repair ,sca_cp_programs,0101000020E6100000B940B1CBA56D52C021830C77E65E4440
Queens,Q172,,,,,,,,,DSF0000903138,4941917,26,J.H.S. 172,State of Good Repair - System Replacements - Exterior Masonry,State of Good Repair ,sca_cp_programs,0101000020E6100000B940B1CBA56D52C021830C77E65E4440
Queens,Q198,,,,,,,,,DSF0000903523,3389274,27,I.S. 198,State of Good Repair - System Replacements - Roofs,State of Good Repair ,sca_cp_programs,0101000020E6100000B4974681587252C0BB5D2D6B084C4440
Queens,Q198,,,,,,,,,DSF0000903525,3882830,27,I.S. 198,State of Good Repair - System Replacements - Exterior Masonry,State of Good Repair ,sca_cp_programs,0101000020E6100000B4974681587252C0BB5D2D6B084C4440
Staten Island,R831,,,,,,,,,DSF0000906107,3234570,31,P.S. 74,State of Good Repair - System Replacements - Windows,State of Good Repair ,sca_cp_programs,0101000020E61000008C803C83158552C0E1B96582CA514440
Staten Island,R016,,,,,,,,,DSF0000905112,5043294,31,P.S. 16,State of Good Repair - System Replacements - Exterior Masonry,State of Good Repair ,sca_cp_programs,0101000020E610000088F05616188552C00D9713B1DF514440
Staten Island,R014,,,,,,,,,DSF0000905094,3324076,31,P.S. 14,State of Good Repair - System Replacements - Roofs,State of Good Repair ,sca_cp_programs,0101000020E6100000A86FD314128552C0156AC061AB4F4440
Staten Island,R014,,,,,,,,,DSF0000905095,1982307,31,P.S. 14,State of Good Repair - System Replacements - Parapets,State of Good Repair ,sca_cp_programs,0101000020E6100000A86FD314128552C0156AC061AB4F4440
Staten Island,R014,,,,,,,,,DSF0000905096,3227708,31,P.S. 14,State of Good Repair - System Replacements - Exterior Masonry,State of Good Repair ,sca_cp_programs,0101000020E6100000A86FD314128552C0156AC061AB4F4440
Staten Island,R060,,,,,,,,,DSF0000798550,942232,31,P.S. 60,State of Good Repair - System Replacements - Domestic Piping,State of Good Repair ,sca_cp_programs,0101000020E61000005574A769688A52C0CFB04453284E4440
Staten Island,R022,,,,,,,,,DSF0000905202,4493185,31,P.S. 22,State of Good Repair - System Replacements - Roofs,State of Good Repair ,sca_cp_programs,0101000020E6100000BFEEE5EBA38952C0B5CEEC39FA4F4440
Staten Island,R022,,,,,,,,,DSF0000905203,2380216,31,P.S. 22,State of Good Repair - System Replacements - Parapets,State of Good Repair ,sca_cp_programs,0101000020E6100000BFEEE5EBA38952C0B5CEEC39FA4F4440
Staten Island,R022,,,,,,,,,DSF0000905204,4451401,31,P.S. 22,State of Good Repair - System Replacements - Exterior Masonry,State of Good Repair ,sca_cp_programs,0101000020E6100000BFEEE5EBA38952C0B5CEEC39FA4F4440
Staten Island,R022,,,,,,,,,DSF0000905200,1021425,31,P.S. 22,State of Good Repair - Building Upgrade - Flood Elimination,State of Good Repair ,sca_cp_programs,0101000020E6100000BFEEE5EBA38952C0B5CEEC39FA4F4440
Staten Island,R435,,,,,,,,,DSF0000905874,3295802,78R,NEW DORP HS (NEW),State of Good Repair - System Replacements - Parapets,State of Good Repair ,sca_cp_programs,0101000020E6100000329E656DC58652C0A27948A714494440
Staten Island,R435,,,,,,,,,DSF0000905875,10193684,78R,NEW DORP HS (NEW),State of Good Repair - System Replacements - Exterior Masonry,State of Good Repair ,sca_cp_programs,0101000020E6100000329E656DC58652C0A27948A714494440
Staten Island,R023,,,,,,,,,DSF0000798555,878302,31,P.S. 23,State of Good Repair - System Replacements - Domestic Piping,State of Good Repair ,sca_cp_programs,0101000020E61000009E8BC5B4868852C08D8AC1CF0E494440
,,Sep-24,Jul-21,Apr-19,766,94.91,,2.93,8.45,DSF0000424314,106.29,2,P.S./I.S. @ WESTERN RAILYARDS,capacity projects,Capacity Projects,sca_cp_cap_schools,0101000020E61000002788BA0F408052C08638D6C56D604440
Queens,,09/20/2018,09/19/2018,18-Aug,450,19.42,92-80 220 STREET,0,1.66,DSF0000890627,21.08,29,3K CENTER @ 92-80 220 STREET,pre-k capacity projects,PreK Capacity Projects,sca_cp_prek_schools,0101000020E610000094A0BFD0236F52C07E022846965C4440
Queens,,Jun-24,Feb-20,Jun-18,3079,324.61,51-30 NORTHERN BOULEVARD,0,28.18,DSF0000866092,352.79,78Q,H.S. @ 51-30 NORTHERN BOULEVARD,capacity projects,Capacity Projects,sca_cp_cap_schools,0101000020E61000009770E82D1E7A52C095B6B8C667604440
Brooklyn,,Aug-22,Jun-20,May-15,640,25.41,491 DEAN STREET,0,100.74,DSF0000798239,126.15,13,I.S. 653,capacity projects,Capacity Projects,sca_cp_cap_schools,0101000020E61000008FA50F5D507E52C0C6E061DA37574440
Brooklyn,,Apr-22,Jul-19,Dec-17,180,30.85,168 8TH STREET,0,5.05,DSF0000821899,35.9,15,PRE-K CENTER @ 168 8TH STREET,pre-k capacity projects,PreK Capacity Projects,sca_cp_prek_schools,0101000020E6100000A3957B81597F52C05CE7DF2EFB554440
,,Jun-24,Feb-21,Sep-19,646,98.13,21-31 & 35 DELEVAN STREET,0,1.44,DSF0000843826,99.57,15,I.S. @ 21-31 & 35 DELEVAN STREET,capacity projects,Capacity Projects,sca_cp_cap_schools,0101000020E6100000B29E5A7D758052C0E5B33C0FEE564440
Brooklyn,,Sep-24,Mar-23,Nov-16,90,6.54,6309 4TH AVENUE,0.32,0.66,DSF0000866170,7.52,20,PRE-K CENTER @ 6309 4TH AVENUE,pre-k capacity projects,PreK Capacity Projects,sca_cp_prek_schools,0101000020E61000005038BBB54C8152C0454B1E4FCB514440
Staten Island,,Sep-20,Jul-19,Sep-18,132,12.93,450 NEW DORP LANE,0,1.13,DSF0000889041,14.05,31,P.S. 13 ANNEX,capacity projects,Capacity Projects,sca_cp_cap_schools,0101000020E6100000BBD23252EF8652C06FB72407EC484440
Queens,,Sep-22,Dec-19,Sep-18,410,51.72,18-25 212 STREET,0,4.53,DSF0000798201,56.25,25,P.S. 169 ADDITION,capacity projects,Capacity Projects,sca_cp_cap_schools,0101000020E61000002A560DC2DC7152C0F4DC425722644440
Bronx,,Mar-23,Jun-20,Mar-19,476,59.19,2355 MORRIS AVENUE,0,5.08,DSF0000889039,64.28,10,P.S. @ 2355 MORRIS AVENUE,capacity projects,Capacity Projects,sca_cp_cap_schools,0101000020E6100000381268B0A97952C078B5DC99096E4440
Manhattan,,Jun-22,Mar-20,May-15,450,63.31,28-42 TRINITY PLACE,0,102.82,DSF0000798170,166.13,2,P.S. 464,capacity projects,Capacity Projects,sca_cp_cap_schools,0101000020E6100000008FA850DD8052C0B9FAB1497E5A4440
Queens,,Sep-22,Dec-19,Sep-18,440,51.73,64-45 218 STREET,0,4.52,DSF0000798204,56.25,26,P.S. 46 ADDITION,capacity projects,Capacity Projects,sca_cp_cap_schools,0101000020E610000093718C648F7052C0DA1A118C835F4440
Brooklyn,,Jun-23,Sep-21,Jul-17,332,27.51,420 ALBEE SQUARE WEST,0,2.35,DSF0000843660,29.86,13,P.S. @ ALBEE SQUARE WEST,capacity projects,Capacity Projects,sca_cp_cap_schools,0101000020E61000003D7D04FEF07E52C063B323D577584440
Brooklyn,,Jun-23,May-20,Mar-18,382,0,362 SCHERMERHORN STREET,0,2.05,DSF0000888773,2.05,15,P.S./H.S. @ SCHERMERHORN STREET,capacity projects,Capacity Projects,sca_cp_cap_schools,0101000020E6100000C823B891B27E52C04CDE0033DF574440
Bronx,,Mar-23,Apr-20,Jan-19,572,78.69,639 ST. ANN'S AVENUE,0,6.66,DSF0000889308,85.35,7,P.S. @ ST. ANN'S AVENUE,capacity projects,Capacity Projects,sca_cp_cap_schools,0101000020E610000079CE16105A7A52C09911DE1E84684440
